"id","RDA1","RDA2","RDA3","RDA4","RDA5","PC1"
"mean_prec",0.370449934778368,0.617131834247771,0.232894653880406,0.551881238550413,-0.35085940732817,0
"mean_temp_ds",0.846182079875126,-0.388984153870426,0.309431352873958,-0.0957296191169836,-0.16659920053297,0
"mean_prec_ds",-0.789617312466675,-0.365288663999354,0.415668990405647,-0.232223599962982,-0.127906926481168,0
"mean_peak_ds",0.279584043614303,-0.775792165695162,-0.190501054890851,0.450206001265506,-0.284610580815754,0
"mean_vpd",0.559848528699262,-0.501429235316715,-0.148043557284244,-0.56580450071681,-0.305101161908956,0
