"id","RDA1","RDA2","RDA3","RDA4","RDA5","PC1"
"mean_prec",-0.0555440273501541,0.666569169972462,0.712665616456072,0.176268431558944,0.116779971848715,0
"mean_temp_ds",0.815580697584754,0.137884915355825,-0.0141230410360419,0.5583669546519,0.061989995234228,0
"mean_prec_ds",-0.610527076454944,-0.595741131143776,-0.306361568247052,0.381232513097069,0.182081174309186,0
"mean_peak_ds",0.649896985576437,-0.496953209695101,0.298221885495793,-0.232629565469432,0.433149636722965,0
"mean_vpd",0.674527308589321,0.0397113505583559,-0.645245332980369,0.221978192431599,0.278962472307535,0
