"id","RDA1","RDA2","RDA3","RDA4","PC1","PC2"
"sqrt_anthropic",0.982983625044179,0.0493824748995283,-0.149907099042302,0.0939809859733414,0,0
"patch_density",0.445535500778888,-0.591457773963966,0.267657726341099,0.616469918725323,0,0
"log1_TRI_q50",0.312151433837285,-0.699702405171865,0.595339763896071,-0.241968163348414,0,0
"elevation_q50",0.406822797909165,0.219570499497754,0.870821466662474,0.167194437860488,0,0
