prop.correct.class,clust_id
0.4444444444444444,1
0.8052073288331726,2
0.7938144329896907,3
0.4891008174386921,4
0.573170731707317,5
