prop.correct.class,clust_id
0.8699238578680203,1
0.7043673012318029,2
0.47513812154696133,3
