prop.correct.class,clust_id
0,1
0.6769527483124397,2
0.8276877761413843,3
0.39420935412026725,4
