prop.correct.class,clust_id
0.8800761421319797,1
0.7726763717805151,2
0.7955801104972375,3
