env_vars,LD1,LD2,LD3,LD4
sqrt_anthropic,-1.2073373526270612,-0.7719700135859434,0.24394693391882663,-0.41563597663044344
patch_density,-0.01696925545070413,-0.05470883811604235,-0.6568541662520363,1.2065183610963999
log1_TRI_q50,-0.08601913965898803,0.15751311018241845,-0.7744790470135111,-1.0821937078815538
elevation_q50,-0.5269256817046575,1.1064585176173607,0.6301466217982002,0.21402227402638724
