prop.correct.class,clust_id
0.7325256290773532,1
0.7466863033873343,2
0.6648106904231625,3
