env_vars,LD1,LD2,LD3,LD4
sqrt_anthropic,1.3722492309247967,0.9512339422899967,-0.5688905414460224,0.1179828368043847
patch_density,0.1435044552631492,-0.38700995383568587,1.2534539518327938,-0.6769776772980448
log1_TRI_q50,-0.03332688295018603,0.14302064565845646,0.1857426362875213,1.2548367364459199
elevation_q50,0.5375650879141375,-1.1603430104500756,-0.5570408781729381,-0.24541043676494073
