prop.correct.class,clust_id
0.6851664984863775,1
0.6907216494845361,2
0.7637178051511758,3
0.6802030456852792,4
0.7845303867403315,5
