prop.correct.class,clust_id
0.875,1
0.6931690929451287,2
0.48066298342541436,3
