prop.correct.class,clust_id
0.804287045666356,1
0.7864506627393225,2
0.6358574610244989,3
