env_vars,LD1,LD2,LD3,LD4
sqrt_anthropic,1.347684071620186,-0.7935509740325211,0.37712459648529484,-0.15475699711724922
patch_density,-0.060735925458795637,0.5550854328253287,-0.8779246717379701,0.93623308196237
log1_TRI_q50,-0.0499063428633629,-0.31612431114974626,-0.594579995483411,-1.0513015222999087
elevation_q50,0.3238250672017161,1.0871468523800372,0.5789845976926834,-0.11295714987238964
