prop.correct.class,clust_id
0.6266397578203835,1
0.327319587628866,2
0.7278835386338186,3
0.4467005076142132,4
0.5193370165745856,5
