prop.correct.class,clust_id
0.6806981519507187,1
0,2
0.6443298969072165,3
0.6941176470588235,4
0.6243654822335025,5
0.6346863468634686,6
0,7
0.6022099447513812,8
