prop.correct.class,clust_id
0.2222222222222222,1
0.8148505303760849,2
0.780559646539028,3
0.6180400890868597,4
