env_vars,LD1,LD2,LD3,LD4
sqrt_anthropic,-1.1033201961461403,-0.6189519344372099,0.4640729114828172,0.4233536736768407
patch_density,0.10965372841683002,-0.31456053564970354,-0.3648482330442395,-1.2605514307412369
log1_TRI_q50,-0.08987913368850561,-0.29514671072881726,-0.8729514755407076,0.9596731087234623
elevation_q50,-0.6447218900739452,1.1713906357191877,0.09157004500060546,-0.18194637075447467
