prop.correct.class,clust_id
0.6488395560040363,1
0.6365979381443299,2
0.8174692049272116,3
0.6142131979695431,4
0.574585635359116,5
