prop.correct.class,clust_id
0,1
0.76374156219865,2
0.8217967599410898,3
0.39373297002724794,4
0.31097560975609756,5
