prop.correct.class,clust_id
0.4444444444444444,1
0.7974927675988428,2
0.792341678939617,3
0.6269487750556793,4
