prop.correct.class,clust_id
0.7348484848484849,1
0.6134020618556701,2
0.8275475923852184,3
0.569060773480663,4
