prop.correct.class,clust_id
0.6735112936344969,1
0.4117647058823529,2
0.38917525773195877,3
0.38823529411764707,4
0.48223350253807107,5
0.492619926199262,6
0.23204419889502761,7
0.580110497237569,8
