prop.correct.class,clust_id
0.7515400410677618,1
0,2
0.19845360824742267,3
0.24705882352941178,4
0.4213197969543147,5
0.5424354243542435,6
0.1270718232044199,7
0.574585635359116,8
