prop.correct.class,clust_id
0.4722222222222222,1
0.7820636451301832,2
0.8998527245949927,3
0.5544959128065395,4
0.8475609756097561,5
