prop.correct.class,clust_id
0.7893755824790307,1
0.9101620029455081,2
0.7026726057906458,3
