prop.correct.class,clust_id
0.2222222222222222,1
0.8148505303760849,2
0.780559646539028,3
0.4877384196185286,4
0.5365853658536586,5
