prop.correct.class,clust_id
0,1
0.7203471552555448,2
0.7496318114874816,3
0.6636971046770601,4
