prop.correct.class,clust_id
0.8358585858585859,1
0.06958762886597938,2
0.6606942889137738,3
0.47513812154696133,4
