env_vars,LD1,LD2,LD3,LD4
sqrt_anthropic,1.2038278131362081,-1.130731982122759,0.1966655195074464,-0.1642615157184043
patch_density,0.1382607336313913,0.732149846872646,-0.9024034695877043,0.8734919100058366
log1_TRI_q50,-0.061574293668756705,-0.06509951595509689,-0.481212122901159,-1.1709415540112045
elevation_q50,0.7103837647964741,0.8527296113322003,0.8447412131529971,0.0775783287111439
