prop.correct.class,clust_id
0.6877912395153775,1
0.8276877761413843,2
0.40089086859688194,3
