env_vars,LD1,LD2
log_popdens,0.17325978208108436,0.885027004840921
log_lstkdens,0.6871943598268352,-0.031140196462644744
sqrt_anthropic,0.9009927179607903,-0.9332511544541341
log_anthropic_delta,-0.17040772146541783,-0.2643272476792246
patch_density,-0.19528526442267752,0.5686444236264205
