prop.correct.class,clust_id
0.7794612794612794,1
0.18041237113402062,2
0.7200447928331467,3
0.5027624309392266,4
