prop.correct.class,clust_id
0.8173345759552656,1
0.7761413843888071,2
0.6258351893095768,3
