prop.correct.class,clust_id
0.6942482341069627,1
0.19072164948453607,2
0.7278835386338186,3
0.41624365482233505,4
0.5138121546961326,5
