prop.correct.class,clust_id
0,1
0.7550626808100289,2
0.7643593519882179,3
0.6171662125340599,4
0.7560975609756098,5
