prop.correct.class,clust_id
0.7376387487386479,1
0.12886597938144329,2
0.6696528555431132,3
0.3401015228426396,4
0.48066298342541436,5
