prop.correct.class,clust_id
0.8489847715736041,1
0.8230683090705487,2
0.56353591160221,3
