prop.correct.class,clust_id
0.1388888888888889,1
0.7852272727272728,2
0.006369426751592357,3
0.6676470588235294,4
0.5103244837758112,5
0.529126213592233,6
0,7
0.42073170731707316,8
