prop.correct.class,clust_id
0.8940355329949239,1
0.6035834266517357,2
0.43646408839779005,3
