prop.correct.class,clust_id
0.7525252525252525,1
0.3015463917525773,2
0.7189249720044792,3
0.5027624309392266,4
