env_vars,LD1,LD2,LD3,LD4
sqrt_anthropic,1.2136618416803273,1.0976310030660617,0.1253482688582107,-0.16394698872745028
patch_density,0.13421374200942096,-0.8261051828112794,-0.8092032055001595,0.8817839681921
log1_TRI_q50,-0.03414191803911476,0.024207790955636743,-0.5030274618249357,-1.163498943840597
elevation_q50,0.566593657480902,-0.7801281966945245,0.9321532356104909,0.05790770621581304
